{
  "Actor": {
    "types": ["character", "npc"],
    "character": {
      "health": {
        "value": 10,
        "max": 10
      },
      "biography": "",
      "family": "",
      "age" : 0,
      "sexe": "",
      "weight": "",
      "size": "",
      "ideal": "",
      "travers": "",
      "lang": "",
      "attributes": {
        "force": {
          "value": 10,
          "mod": 0
        },
        "agility": {
          "value": 10,
          "mod": 0
        },
        "constitution": {
          "value": 10,
          "mod": 0
        },
        "perception": {
          "value": 10,
          "mod": 0
        },
        "charisme": {
          "value": 10,
          "mod": 0
        },
        "intelligence": {
          "value": 10,
          "mod": 0
        },
        "volonte": {
          "value": 10,
          "mod": 0
        }
      }
    },
    "npc": {
      "health": {
        "value": 5,
        "max": 5
      },
      "description": "",
      "attributes": {
        "force": {
          "value": 8,
          "mod": 0
        }
      }
    }
  },
  "Item": {
    "types": ["item", "spell", "voie"],
    "templates": {
      "base": {
        "description": "",
        "quantity": 1,
        "weight": 0,
        "price": 0,
        "rarity": "common"
      }
    },
    "item": {
      "templates": ["base"]
    },
    "voie": {
      "templates": ["base"],
      "rank": 1,
      "rang1": {
        "name": ""
      }
    }
  }
}

