{
  "id": "RnP",
  "title": "Rôle'n Play",
  "description": "Rôle'n Play - Foundry System",
  "version": "0.1.1",
  "compatibility": {
    "minimum": "12",
    "verified": "12",
    "maximum": "12"
  },
  "authors": [
    {
      "name": "Lucas",
      "email": "luc.natale@gmail.com"
    },
    {
      "name": "Lionel",
      "email": "lionel.courgnaud@gmail.com"
    }
  ],
  "esmodules": [
    "scripts/custom-system.js",
    "scripts/init.js"
  ],
  "styles": [
    "css/system-grid.css",
    "css/main.css"
  ],
  "languages": [
    {
      "lang": "fr",
      "name": "Français",
      "path": "lang/fr.json"
    }
  ],
  "socket": false,
  "primaryTokenAttribute": "resources.health",
  "secondaryTokenAttribute": "resources.power",
  "url": "https://github.com/LionelCourgnaud/RnP.git",
  "manifest": "https://raw.githubusercontent.com/LionelCourgnaud/RnP/refs/heads/main/system.json",
  "download": "https://github.com/votre-repo/archive/v1.0.0.zip"
}